{"cameraMode":{"drawMode":0,"name":"Shaded","section":"Shading Mode"},"sceneLighting":true,"audioPlay":false,"sceneViewState":{"m_AlwaysRefresh":false,"showFog":true,"showSkybox":true,"showFlares":true,"showImageEffects":true,"showParticleSystems":true,"showVisualEffectGraphs":true,"m_FxEnabled":true},"in2DMode":false,"pivot":{"x":1.2716665267944337,"y":-10.901433944702149,"z":16.156274795532228},"rotation":{"x":0.2813042402267456,"y":0.037170276045799258,"z":-0.01056164875626564,"w":0.9590188264846802},"size":13.353697776794434,"orthographic":false}