{"cameraMode":{"drawMode":0,"name":"Shaded","section":"Shading Mode"},"sceneLighting":true,"audioPlay":false,"sceneViewState":{"m_AlwaysRefresh":false,"showFog":true,"showSkybox":true,"showFlares":true,"showImageEffects":true,"showParticleSystems":true,"showVisualEffectGraphs":true,"m_FxEnabled":true},"in2DMode":false,"pivot":{"x":-2.4279258251190187,"y":-4.977179527282715,"z":19.45005989074707},"rotation":{"x":0.14206388592720033,"y":-0.061168402433395389,"z":0.009021681733429432,"w":0.9881073236465454},"size":13.353697776794434,"orthographic":false}